GISJOIN,YEAR,STUSAB,REGIONA,DIVISIONA,STATE,STATEA,COUNTY,COUNTYA,COUSUBA,PLACEA,AIANHHA,ANRCA,CBSAA,CSAA,METDIVA,NECTAA,CNECTAA,NECTADIVA,UAA,CDCURRA,SDELMA,SDSECA,SDUNIA,PCI,PUMAA,GEOID,NAME_E,AKVDE001,AKVDE002,AKVDE003,AKVDE004,AKVDE005,AKVDE006,AKVDE007,AKVDE008,AKVDE009,AKVDE010,AKVDE011,AKVDE012,AKVDE013,AKVDE014,AKVDE015,AKVDE016,AKVDE017,AKVDE018,AKVDE019,AKVDE020,AKVDE021,AKVDE022,AKVDE023,AKVDE024,AKVDE025,AKVDE026,AKVDE027,AKVDE028,AKVDE029,AKVDE030,ALATE001,ALA4E001,NAME_M,AKVDM001,AKVDM002,AKVDM003,AKVDM004,AKVDM005,AKVDM006,AKVDM007,AKVDM008,AKVDM009,AKVDM010,AKVDM011,AKVDM012,AKVDM013,AKVDM014,AKVDM015,AKVDM016,AKVDM017,AKVDM018,AKVDM019,AKVDM020,AKVDM021,AKVDM022,AKVDM023,AKVDM024,AKVDM025,AKVDM026,AKVDM027,AKVDM028,AKVDM029,AKVDM030,ALATM001,ALA4M001
"G5100030","2019","VA",,,"Virginia","51","Albemarle County","003",,,,,,,,,,,,,,,,,,"05000US51003","Albemarle County, Virginia",74077,3539,11320,14346,22332,22540,24699,2217,6155,6318,6478,3531,38971,685,3595,5948,13209,15534,1636,0,71,478,708,379,8771,637,1499,1602,1937,3096,86399,5270419700,"Albemarle County, Virginia",742,1149,2165,1757,2154,1900,2487,806,1475,1585,1260,889,2452,455,1199,1347,1453,1642,831,208,97,453,437,351,1644,533,686,652,724,902,5154,354539088
"G5100130","2019","VA",,,"Virginia","51","Arlington County","013",,,,,,,,,,,,,,,,,,"05000US51013","Arlington County, Virginia",175033,9598,12598,21765,60917,70155,20678,1094,970,2342,10087,6185,104068,1480,4567,10526,36592,50903,4423,0,0,869,1553,2001,45864,7024,7061,8028,12685,11066,119755,17777269300,"Arlington County, Virginia",1128,2144,2066,2387,3424,3896,2094,645,453,700,1858,1268,3086,846,1122,1678,2778,3010,1034,208,208,543,559,685,2739,1738,1451,1480,2050,1892,4315,902274383
"G5100150","2019","VA",,,"Virginia","51","Augusta County","015",,,,,,,,,,,,,,,,,,"05000US51015","Augusta County, Virginia",57274,7155,23061,15974,7909,3175,36955,4857,15788,10011,4875,1424,17819,1401,6588,5193,2886,1751,408,166,136,106,0,0,2092,731,549,664,148,0,62668,2269962800,"Augusta County, Virginia",853,1594,1946,1912,1446,835,2369,1314,1843,1524,1184,639,2321,641,1413,1284,789,589,324,203,181,131,208,208,717,289,372,425,217,208,5486,199154907
"G5100190","2019","VA",,,"Virginia","51","Bedford County","019",,,,,,,,,,,,,,,,,,"05000US51019","Bedford County, Virginia",56485,5909,14454,18217,10839,7066,33386,4341,9620,11581,6057,1787,20906,1046,4350,6482,4540,4488,457,0,0,0,79,378,1736,522,484,154,163,413,69125,2825068900,"Bedford County, Virginia",605,1425,2217,2426,1744,1268,2444,1384,1646,2174,1338,631,2374,509,1349,1240,1155,1048,460,208,208,208,100,441,788,404,372,169,172,382,6200,243511767
"G5100410","2019","VA",,,"Virginia","51","Chesterfield County","041",,,,,,,,,,,,,,,,,,"05000US51041","Chesterfield County, Virginia",238956,17981,57475,67249,59383,36868,110326,8551,30356,32453,25745,13221,96238,2862,19760,27485,27206,18925,5588,549,681,1818,1454,1086,26804,6019,6678,5493,4978,3636,81297,13110423300,"Chesterfield County, Virginia",472,2347,3951,4239,3829,3227,4541,1679,3064,2785,2909,1919,4711,1080,2625,3590,2556,2280,1379,623,413,646,686,626,2773,1454,1387,1165,900,795,3265,530780879
"G5100590","2019","VA",,,"Virginia","51","Fairfax County","059",,,,,,,,,,,,,,,,,,"05000US51059","Fairfax County, Virginia",785130,57389,94511,143498,247153,242579,99015,4121,13591,26041,36538,18724,353374,3340,24313,59615,124705,141401,19439,975,1634,4234,6062,6534,313302,48953,54973,53608,79848,75920,128374,64269166500,"Fairfax County, Virginia",364,5899,6404,6174,6125,7253,5332,1306,2187,2942,3135,1784,5878,816,2468,3815,4429,4600,2076,794,684,1112,1024,1074,6640,5832,5646,4946,4066,5536,3352,1199748861
"G5100610","2019","VA",,,"Virginia","51","Fauquier County","061",,,,,,,,,,,,,,,,,,"05000US51061","Fauquier County, Virginia",49325,4134,12767,14949,11079,6396,19257,2260,6955,4597,3397,2048,24937,709,4501,8656,7038,4033,883,5,193,265,280,140,4248,1160,1118,1431,364,175,104809,3206040300,"Fauquier County, Virginia",509,1190,1956,1530,1570,1200,1658,923,1507,854,984,635,1971,327,1106,1341,1310,962,474,6,205,264,302,175,942,558,840,617,244,159,5958,275689468
"G5100690","2019","VA",,,"Virginia","51","Frederick County","069",,,,,,,,,,,,,,,,,,"05000US51069","Frederick County, Virginia",62677,6798,20226,18187,9775,7691,28151,3427,10927,8508,3325,1964,27867,1982,7236,7845,5666,5138,841,210,268,175,109,79,5818,1179,1795,1659,675,510,86229,3118872100,"Frederick County, Virginia",742,1837,2062,2053,1667,1250,2530,1047,1730,1549,1194,753,2315,998,1247,1483,1152,1044,497,274,217,180,136,136,1451,937,882,877,516,458,7748,267457115
"G5100850","2019","VA",,,"Virginia","51","Hanover County","085",,,,,,,,,,,,,,,,,,"05000US51085","Hanover County, Virginia",74806,4662,19502,20509,18457,11676,44668,3765,13780,11970,9715,5438,25889,236,4437,7609,7865,5742,985,50,512,63,281,79,3264,611,773,867,596,417,89812,4360885600,"Hanover County, Virginia",804,1113,1944,2066,1917,1595,2494,979,1655,1680,1491,1188,2342,182,1149,1569,1254,1113,504,82,433,84,251,98,780,466,360,349,394,338,6448,329816870
"G5100870","2019","VA",,,"Virginia","51","Henrico County","087",,,,,,,,,,,,,,,,,,"05000US51087","Henrico County, Virginia",231548,19519,50596,62418,58254,40761,114374,10587,31467,34569,25129,12622,77173,2792,14376,21022,20508,18475,3026,455,614,1048,463,446,36975,5685,4139,5779,12154,9218,68024,12841556200,"Henrico County, Virginia",952,2894,3703,3841,4270,3439,4218,2233,3415,3259,2940,1895,4620,1013,2466,2480,2619,2219,869,438,503,630,274,292,2982,1824,1212,1486,2163,1867,3325,590063897
"G5100950","2019","VA",,,"Virginia","51","James City County","095",,,,,,,,,,,,,,,,,,"05000US51095","James City County, Virginia",56634,2601,10840,13881,14891,14421,16681,1894,5039,3599,3290,2859,33729,179,5270,8950,9648,9682,1431,0,45,749,411,226,4793,528,486,583,1542,1654,91674,3347724000,"James City County, Virginia",364,1335,1869,1992,1557,1828,1803,988,1148,981,1006,1027,2279,217,1362,1748,1250,1548,694,208,81,518,359,409,1192,602,278,284,558,801,6640,262931752
"G5101070","2019","VA",,,"Virginia","51","Loudoun County","107",,,,,,,,,,,,,,,,,,"05000US51107","Loudoun County, Virginia",266796,14851,32470,53122,98459,67894,44527,1912,8151,11558,14864,8042,122943,1885,9470,25964,52060,33564,5808,145,660,2066,1505,1432,93518,10909,14189,13534,30030,24856,151800,23670224300,"Loudoun County, Virginia",566,2215,3034,3834,4290,3996,3374,627,1847,1927,1871,1445,4143,834,1316,2436,3088,2936,1227,185,445,765,568,550,3945,2015,2497,2097,2686,2897,4420,798977360
"G5101210","2019","VA",,,"Virginia","51","Montgomery County","121",,,,,,,,,,,,,,,,,,"05000US51121","Montgomery County, Virginia",56445,2642,15374,12699,12114,13616,26552,1934,10302,6638,4965,2713,24294,635,4405,5396,5865,7993,495,0,0,148,53,294,5104,73,667,517,1231,2616,60045,2814170200,"Montgomery County, Virginia",728,878,2714,1804,1932,2322,2851,762,2238,1483,1313,1031,2944,480,1523,1209,1287,1952,342,208,208,198,90,293,1108,120,599,414,685,752,5649,261962302
"G5101530","2019","VA",,,"Virginia","51","Prince William County","153",,,,,,,,,,,,,,,,,,"05000US51153","Prince William County, Virginia",302837,34106,54935,83711,77527,52558,53471,2105,15619,16795,13616,5336,132348,4242,19718,38781,36908,32699,8476,586,544,2104,3317,1925,108542,27173,19054,26031,23686,12598,106861,18664550200,"Prince William County, Virginia",265,3690,4222,4406,4982,3432,3878,813,2482,2225,2108,966,4917,1075,1945,3326,3305,2652,1546,463,412,668,994,729,5936,3549,2867,3209,3366,1779,4562,717957349
"G5101610","2019","VA",,,"Virginia","51","Roanoke County","161",,,,,,,,,,,,,,,,,,"05000US51161","Roanoke County, Virginia",67995,5769,16690,19416,16547,9573,40973,3625,11284,12727,9698,3639,21932,1586,3874,6349,5857,4266,517,0,155,48,171,143,4573,558,1377,292,821,1525,71715,3495937400,"Roanoke County, Virginia",566,1480,1990,2057,2327,1630,2481,1047,1722,1793,1751,986,2556,781,1063,1532,1268,1082,320,208,215,82,198,174,873,417,643,263,573,664,4991,246031194
"G5101650","2019","VA",,,"Virginia","51","Rockingham County","165",,,,,,,,,,,,,,,,,,"05000US51165","Rockingham County, Virginia",56875,8905,20087,12956,8520,6407,34811,5626,15318,7057,3803,3007,16531,1174,3381,4644,4198,3134,813,21,222,274,279,17,4720,2084,1166,981,240,249,69423,2578772000,"Rockingham County, Virginia",534,1655,1915,1673,1177,1102,1442,1019,1717,1338,829,810,1560,587,642,1107,886,830,443,37,244,270,250,30,1235,1105,556,442,193,282,8215,253421292
"G5101770","2019","VA",,,"Virginia","51","Spotsylvania County","177",,,,,,,,,,,,,,,,,,"05000US51177","Spotsylvania County, Virginia",90746,7865,25979,28244,18166,10492,32362,3495,12254,9304,4919,2390,45864,1209,11326,16357,10814,6158,2073,0,188,644,900,341,10447,3161,2211,1939,1533,1603,91073,4965380200,"Spotsylvania County, Virginia",938,1532,2289,2148,1939,1313,2221,1012,1739,1373,985,750,2466,479,1651,2309,1685,1135,661,208,229,331,430,248,1335,1000,859,761,503,578,6011,316986990
"G5101790","2019","VA",,,"Virginia","51","Stafford County","179",,,,,,,,,,,,,,,,,,"05000US51179","Stafford County, Virginia",98469,6598,24737,27793,23959,15382,24009,2060,8143,6839,4949,2018,56252,1037,11400,16855,15592,11368,2775,322,871,459,673,450,15433,3179,4323,3640,2745,1546,110446,6195486300,"Stafford County, Virginia",979,1721,2450,2619,2429,1734,3165,845,2042,1480,1331,707,3308,505,1747,2359,1722,1672,1109,317,621,323,390,301,2012,1495,1037,1328,821,731,9609,328802048
"G5101990","2019","VA",,,"Virginia","51","York County","199",,,,,,,,,,,,,,,,,,"05000US51199","York County, Virginia",46576,2609,8636,11555,12287,11489,13874,930,4240,3628,3405,1671,26390,989,3390,6532,7852,7627,1319,30,96,767,133,293,4993,660,910,628,897,1898,91241,2941922200,"York County, Virginia",786,907,2100,1751,1821,1913,1897,504,1644,957,1057,538,2018,533,1079,1395,1457,1591,610,50,180,521,122,231,958,349,450,374,472,641,7596,298255399
"G5105100","2019","VA",,,"Virginia","51","Alexandria city","510",,,,,,,,,,,,,,,,,,"05000US51510","Alexandria city, Virginia",122536,8676,12753,20370,38790,41947,14833,511,2132,2818,5523,3849,68603,1323,3089,8923,24546,30722,4279,0,265,971,1190,1853,34821,6842,7267,7658,7531,5523,103284,10475881200,"Alexandria city, Virginia",923,2239,2043,2708,3116,2727,2345,357,751,1145,1331,1063,3260,898,872,1575,2332,2267,1131,208,356,602,619,726,3880,2132,1900,2484,1891,1190,4138,530535939
"G5105500","2019","VA",,,"Virginia","51","Chesapeake city","550",,,,,,,,,,,,,,,,,,"05000US51550","Chesapeake city, Virginia",164745,15053,40613,56127,32329,20623,71324,8375,20010,25445,10496,6998,74981,3827,16166,25999,18204,10785,2798,314,440,1103,800,141,15642,2537,3997,3580,2829,2699,77847,8511548800,"Chesapeake city, Virginia",1376,2713,3416,3570,3343,2755,4036,2048,2794,2497,1517,1527,4053,1088,2557,2880,2709,1688,932,282,481,527,646,137,2428,1430,1320,1258,918,836,5541,471315079
"G5106500","2019","VA",,,"Virginia","51","Hampton city","650",,,,,,,,,,,,,,,,,,"05000US51650","Hampton city, Virginia",91041,7548,27376,32209,14510,9398,38562,3413,13496,12989,6489,2175,45107,2780,12291,16571,7017,6448,1747,0,611,903,114,119,5625,1355,978,1746,890,656,56930,4153186900,"Hampton city, Virginia",660,1624,2705,2645,2324,1836,3042,970,1908,2066,1569,792,3022,898,2154,2050,1457,1654,569,208,442,477,144,137,1593,794,529,891,544,438,5618,299069229
"G5106800","2019","VA",,,"Virginia","51","Lynchburg city","680",,,,,,,,,,,,,,,,,,"05000US51680","Lynchburg city, Virginia",46645,5812,10908,12568,10760,6597,24332,4143,7399,7111,3543,2136,19609,1472,3324,4895,5797,4121,450,0,0,183,267,0,2254,197,185,379,1153,340,54850,2000638000,"Lynchburg city, Virginia",995,1405,1593,1625,1637,1092,2048,1249,1219,1231,1183,569,2105,596,1110,1258,1058,836,303,208,208,209,217,208,734,226,213,327,472,317,6836,164162377
"G5107000","2019","VA",,,"Virginia","51","Newport News city","700",,,,,,,,,,,,,,,,,,"05000US51700","Newport News city, Virginia",117211,10718,35611,40113,18141,12628,44233,3705,15899,15498,5734,3397,54873,4738,13479,20142,9649,6865,3367,390,785,1414,475,303,14738,1885,5448,3059,2283,2063,53029,4950423000,"Newport News city, Virginia",656,2731,3126,2779,2407,2103,3074,1065,1951,2006,1465,904,3449,2313,2050,2595,1492,1416,1087,348,491,544,362,206,2019,851,1637,937,765,953,3959,407679149
"G5107100","2019","VA",,,"Virginia","51","Norfolk city","710",,,,,,,,,,,,,,,,,,"05000US51710","Norfolk city, Virginia",152165,17834,39397,48274,28822,17838,69981,11661,19992,22657,10086,5585,64308,3778,15842,20640,14462,9586,2334,112,836,802,291,293,15542,2283,2727,4175,3983,2374,53093,6261504600,"Norfolk city, Virginia",833,2454,2656,3161,2626,1733,2701,2221,2249,2239,1538,1072,3129,793,1655,2237,1948,1153,820,127,599,443,196,219,2042,791,750,1292,947,890,2206,376611909
"G5107400","2019","VA",,,"Virginia","51","Portsmouth city","740",,,,,,,,,,,,,,,,,,"05000US51740","Portsmouth city, Virginia",63624,7760,18627,23507,9064,4666,38244,5531,11452,13738,5288,2235,23385,1902,6849,9110,3337,2187,630,0,166,309,51,104,1365,327,160,350,388,140,51195,2435704400,"Portsmouth city, Virginia",780,1549,1942,2389,1718,952,2186,1196,1554,2271,1498,770,2365,741,1373,1474,1283,565,396,208,172,276,85,144,574,322,181,229,441,176,4303,228045280
"G5107600","2019","VA",,,"Virginia","51","Richmond city","760",,,,,,,,,,,,,,,,,,"05000US51760","Richmond city, Virginia",163388,25130,35423,38604,38741,25490,88360,13049,24918,22137,18359,9897,58321,5917,8783,12959,17870,12792,1765,0,57,763,811,134,14942,6164,1665,2745,1701,2667,51285,7524881200,"Richmond city, Virginia",335,3567,3292,3547,2892,2116,3605,2588,3306,2734,2438,1500,3596,1721,2042,2045,2111,1549,587,208,65,446,429,99,1739,1015,665,1167,693,788,3617,547325130
"G5107700","2019","VA",,,"Virginia","51","Roanoke city","770",,,,,,,,,,,,,,,,,,"05000US51770","Roanoke city, Virginia",68745,8175,24386,19846,9459,6879,42530,6611,16335,12243,4546,2795,19991,699,5967,6626,3524,3175,1421,136,913,245,31,96,4803,729,1171,732,1358,813,45838,2566595000,"Roanoke city, Virginia",1427,1807,2572,2041,1530,1624,2362,1659,2275,1855,1196,901,2141,402,1425,1308,834,1072,1021,218,758,280,56,128,1098,629,697,481,578,506,5826,257993128
"G5108000","2019","VA",,,"Virginia","51","Suffolk city","800",,,,,,,,,,,,,,,,,,"05000US51800","Suffolk city, Virginia",62892,5597,15761,22094,12269,7171,32791,4144,9716,10574,5372,2985,26377,1180,5317,10437,5644,3799,768,26,143,363,37,199,2956,247,585,720,1216,188,80481,3373545100,"Suffolk city, Virginia",356,1110,1566,1764,2010,1128,2361,1141,1451,1240,1262,713,2246,619,1077,1486,1384,856,402,47,132,334,62,182,933,205,535,521,605,190,5694,239143349
"G5108100","2019","VA",,,"Virginia","51","Virginia Beach city","810",,,,,,,,,,,,,,,,,,"05000US51810","Virginia Beach city, Virginia",310431,18316,58145,115373,71164,47433,99710,6863,20491,38602,21284,12470,165593,5770,31154,61599,39610,27460,7164,224,1737,3169,1221,813,37964,5459,4763,12003,9049,6690,79054,17307024200,"Virginia Beach city, Virginia",180,2466,3873,5245,4414,3001,5417,1494,2433,4747,2584,1891,5634,1408,2785,4494,3388,2797,1490,195,625,997,614,522,2649,1570,1087,2314,1593,1686,2722,475012754
